hash,result,filename,cadical_hack_gb
9c4892c9ac4e9f5d83d33b5210e7af4e,unsat,MVD_ADS_S6_6_5.cnf.xz,0.413056
a3eaa99154b0f1668f8593264e6e304d,sat,MVD_ADS_S11_8_7.cnf.xz,0.474299
977dad9d1bfc9de725a4bbf65b407c77,sat,MVD_ADS_S11_6_7.cnf.xz,0.61275
f51d3940d97c1019081744d94bf08778,unsat,MVD_ADS_S4_5_5.cnf.xz,0.823951
cf5f4eb714cab56ce430af77d26e1a6e,unsat,MVD_ADS_S10_5_6.cnf.xz,0.888258
33e82a3b6df2b2b63291775c0133a32f,unsat,MVD_ADS_S1_5_5.cnf.xz,0.909784
3a81b9d45f7bdbe5fec702d1f1aa5c12,unsat,MVD_ADS_S3_5_5.cnf.xz,0.931453
31c4aacd83bfd2aa7a9762a5b463b992,sat,MVD_ADS_S11_7_7.cnf.xz,1.16742
8833e4051c5a45aa3d704469f9f20908,unsat,MVD_ADS_S10_6_6.cnf.xz,1.4128
8932cf87c4dfe7aeab8b3ca55eebee64,unsat,MVD_ADS_S5_6_6.cnf.xz,1.47941
bd294be907fd8ca6cbc3f4648bfdc6cd,unsat,MVD_ADS_S9_6_6.cnf.xz,1.51918
7c701181500b379f02aa3e050d6f5144,unsat,MVD_ADS_S6_6_6.cnf.xz,1.59129
6598c721af124c67457841260ea66462,unsat,MVD_ADS_S7_6_6.cnf.xz,1.73731
77b103479539a71c9fe27ac5333eea89,unsat,huck.col.11.cnf.xz,2.0234
080896c437245ac25eb6d3ad6df12c4f,sat,bv-term-small-rw_1492.smt2.cnf.xz,2.93731
7efdf72de31fa82aeceb7acbc29a59bf,sat,vlsat2_113_1150.cnf.xz,12.7849
99f78e77c6b2198f95424cee8234557d,sat,toughsat_factoring_426s.cnf.xz,18.5039
a9c0f64594a3eaede246b31eb3bc839b,unsat,mp1-Nb6T06.cnf.xz,20.7151
000a41cdca43be89ed62ea3abf2d0b64,sat,snw_13_9_pre.cnf.xz,22.4347
1d72814d7329f6d6213a7397ed366fe9,sat,Circuit_multiplier37.cnf.xz,25.0495
d32d87afa368dcdcc2dfef18573e39f4,unsat,E02F17.cnf.xz,27.072
c50dd1b0f41a1adcdfed8d663add9428,sat,20-100-lambda100-65_sat.cnf.xz,28.3403
31e9cd07f730b20faa7c3d0f1ba2ea2e,sat,b04_s_unknown_pre.cnf.xz,34.8802
d2ec1de194269f98dff6608ff097d031,sat,vlsat2_111_1186.cnf.xz,35.3644
1335cf5a529c51c86733b20450a41ac1,unsat,p01_lb_05.cnf.xz,36.7319
22922a96c4bdac643b69069355c5db28,unsat,assoc_mult_err_3.c.cnf.xz,44.8357
b63f00e3eccd98dfa7bae6c4e1e0cdd0,sat,at-least-two-maris-s03-gripper11.cnf.xz,45.489
263457bc6aafa3b1f5999bc2ddfe3caf,unsat,ktf_TF-4.tf_2_0.02_18.cnf.xz,45.5515
8390dca257561c53bf4eb6e158a2285f,sat,mp1-klieber2017s-0490-024-t12.cnf.xz,47.7014
a8c50e130aa5eb28d4b66b205a9d718a,unsat,mp1-blockpuzzle_9x9_s5_free3.cnf.xz,56.3518
02223564bd2f5c20768e63cf28c785e3,sat,mp1-squ_ali_s10x10_c39_abio_SAT.cnf.xz,56.782
62269a9d08e3592f3fd7e2c8af1e3fe9,unsat,pb_300_10_lb_06.cnf.xz,61.9692
747955bb7addf0fb6fe4d465a9cbd035,unsat,randomG-B-Mix-n15-d05.cnf.xz,62.5562
89b778a6b654bd3107b4fc10b3a0fdee,sat,stb_531_83.apx_0.cnf.xz,64.7121
715f24a25c666b1a4c9991b16b880ea6,sat,HCP-506-60.cnf.xz,65.7818
c1c25b65adbd9fdde56cd489ab557e71,unsat,spg_300_312.cnf.xz,66.7853
03ba29d5cb38d345357a74a7b5ccd759,sat,20-100-lambda100-49_sat.cnf.xz,67.9505
9ef9243ff051b32795890fccd6c3f6b2,sat,sum_of_3_cubes_50_bits_91.cnf.xz,69.0826
47752d6f7fca7e1caae7aa0d0138c067,sat,pb_300_06_lb_02.cnf.xz,69.2703
430ba56a847b87445b66b9df28f14d05,sat,20-100-lambda100-14_sat.cnf.xz,70.5852
3354c5f91c523cfc42dab6a40129d102,sat,size_5_5_5_i003_r12.cnf.xz,71.4618
d21b66364fecc9fc7aabbbb981274612,sat,HCP-526-105.cnf.xz,79.1198
5ea9d54e4eb8eeab1ff058471b9c83ca,sat,sp4-33-one-nons-flat-noid.cnf.xz,79.5938
6c34b7032712e16b08d97a0449d610e2,sat,puzzle30_sat.cnf.xz,80.9023
70903c09156674cc1b0c35794cfe3d06,unsat,20-100-lambda100-14_unsat.cnf.xz,84.3969
375b0bb96005020dea369b22f85ed8f5,unsat,shift1add.26949.cnf.xz,85.2161
a517589810ff3ef5308a694957939bea,unsat,spg_200_321.cnf.xz,87.6426
ac6256657058fe65dc7ddaf773ab83bf,sat,SC21_Timetable_C_527_E_71_Cl_35_S_35.cnf.xz,87.6724
50468d740d0d9cd69c43e4122014d60e,sat,sted6_0x1e3-97.cnf.xz,90.9524
ef64bc4d3c2505574e067eb50b48ffd4,sat,HCP-522-105.cnf.xz,91.7536
6e297bdb1c3f957f6333c37804805ecb,unsat,spg_200_301.cnf.xz,94.0291
29e101b66dfddb440e974b9feec5b1aa,unsat,spg_200_307.cnf.xz,98.7096
e6510ed99dc7c4549ac41772305d004b,sat,sp5-21-15-one-nons-tree-noid.cnf.xz,103.204
b9ed6fd14f4fc969ec966a4b54c36872,sat,n320p5q2_n.apx_16.cnf.xz,103.566
aa09403249f021450cc798cc560a14a3,sat,prime_a20_b20.cnf.xz,104.069
77a0ff05f77e03cfe3261b41143edaa3,unsat,dist4.c.cnf.xz,105.115
cab122ecb0ca8f09d0e53eb81ac4bcf9,sat,erin2_0x0_n207-379.cnf.xz,105.523
e353e7a4a49333e69e21ce21289f3983,sat,quad_res_r21_m22.cnf.xz,108.305
b72179b73f013a009f4bb68c4bf31c8b,sat,Kakuro-easy-104-ext.xml.hg_6.cnf.xz,108.695
f293dc11e842227dd1a49fe1571bcb8b,unsat,mp1-tri_ali_s11_c35_abix_UNS.cnf.xz,111.612
557d7d4db5399188f62bc39598c6d868,sat,mp1-Nb7T46.cnf.xz,112.776
b8debf719be5558b319002cc9c2faf18,unsat,barman-pfile10-040.sas.ex.15.cnf.xz,114.181
67527c9e506ffa65596f017547164a49,unsat,dist10.c.cnf.xz,114.513
115fa7f61704bc12b2373aa471bc434f,sat,Circuit_multiplier24.cnf.xz,122.943
7ecf9c45c29d706fd0020fbf177e6809,unsat,Mycielski-10-hints-10.cnf.xz,125.293
09d8544494e54bc756438e69567b4ba7,sat,mp1-klieber2017s-0300-034-t12.cnf.xz,129.281
53c21f3e78f060883026b5a12ba691d8,sat,maximum_constrained_partition_14_bits_n200.cnf.xz,130.043
86173292a2c6a506acf27a81db853bb5,sat,ktf_TF-7.tf_3_0.06_113.cnf.xz,130.143
c502ef60c01f7ce1f3fb241b08253e81,unsat,barman-pfile10-039.sas.ex.15.cnf.xz,139.942
4513c58c16e72a34f9f8518db7baeb9e,unsat,ktf_TF-3.tf_3_0.02_24.cnf.xz,144.541
6fbed10d0ff5bea497d26c08ad2f8009,sat,scc_1213_40_10_3.apx_0.cnf.xz,154.685
f4a15cbf0cc8bc993e29f82e7d8e9563,sat,HCP-529-60.cnf.xz,157.437
e6ebcf156dfca54a7881190a14a330fa,sat,Kakuro-easy-150-ext.xml.hg_9.cnf.xz,164.828
9ccbe08418189ca1e7ee284564359d4d,sat,LABS_n089_goal008.cnf.xz,166.249
47daef729bd4001c2b485b68a4c2ccb7,sat,mp1-Nb7T44.cnf.xz,167.133
453e2197c9226f8c99b3a740c7711723,unsat,crafted_n12_d6_c3_num18.cnf.xz,170.098
6b4c426e44beb04af5cfe1c84a6390fb,sat,Circuit_multiplier33.cnf.xz,176.369
a7aac5c83f236fd8b3de3275e3f5499d,unsat,edit_distance041_183.cnf.xz,184.239
462664d89a909e25001e8861f3310210,sat,20-100-frag12-14_sat.cnf.xz,196.016
b023ea0eb9adbd9182c01d7e2d443289,unsat,mp1-tri_ali_s11_c35_bail_UNS.cnf.xz,196.725
6d2916a0453dcc757ce187fe29c863aa,unsat,blocks-blocks-37-1.120-NOTKNOWN.cnf.xz,199.771
cc4ca544efe70ed7942a110b7e89dfd5,sat,HCP-526-420.cnf.xz,202.777
606bd8b9c178c8445d8c3fc413d46885,unsat,mp1-klieber2017s-1000-024-eq.cnf.xz,204.189
5593b61a1be6e0598236534041e71e74,unsat,spg_420_350.cnf.xz,204.947
f157df1208c06caaa5cf11371704b87b,unsat,edit_distance041_182.cnf.xz,205.696
e7736f693835ebec4ced74ad3c146e81,unsat,WS_300_24_90_10.apx_0.cnf.xz,207.175
ae172b720ce980b1ec5337bfd7d5a8ff,sat,LABS_n072_goal006.cnf.xz,213.595
594129eb92220cd847e7073b03840458,unsat,9dlx_vliw_at_b_iq5.cnf.xz,214.162
a4aa9ccc565c5cde0cfb5dfd9f4deaf4,sat,Kakuro-easy-127-ext.xml.hg_7.cnf.xz,214.196
bcc62a99a3251d2ffbab83d65f8252a5,unsat,crafted_n12_d6_c3_num28.cnf.xz,215.618
cac3197a79f7b0166f8a22367b86c02a,sat,sp5-21-15-una-nons-tree-noid.cnf.xz,216.92
889f6aa7fd1664a350683f3de5f6a647,sat,sp5-21-15-bin-stri-flat-noid.cnf.xz,217.864
083030713683d8ab8e1d54372f241863,sat,Kakuro-easy-089-ext.xml.hg_4.cnf.xz,224.724
376fa5669a710c95b0b8d4c7a798f9f0,sat,prime_a22_b22.cnf.xz,224.934
2925ee90763e08b2f7e79c7c713c86b9,sat,at-least-two-ibm-2004-23-k100.cnf.xz,226.365
8226a866770c4e3da127e54ca0dbd496,sat,SC21_Timetable_C_466_E_62_Cl_31_S_30.cnf.xz,230.256
0107f34364dfff8ab062193b2c71b4de,unsat,sp4-33-bin-nons-flat-noid.cnf.xz,235.703
b5028686db9bd1073fa09cbd8c805f47,unsat,spg_200_316.cnf.xz,241.043
587ac25d93492c61eebb72cb258ba173,unsat,mp1-blockpuzzle_5x10_s5_free3.cnf.xz,247.529
ddb3decfe4a53709806d60535bbb3de8,unsat,n320p5q2_n.apx_17.cnf.xz,261.269
004b0f451f7d96f6a572e9e76360f51a,unsat,spg_420_280.cnf.xz,261.479
ecd91912911f079da6b66ee6afd8e716,unsat,crafted_n10_d6_c4_num21.cnf.xz,262.096
1c35c510ad106bfcdbc76ff49e710ce6,unsat,ER_500_40_2.apx_0.cnf.xz,265.883
942f082cc964537c8a03a8a926ea6c4a,unsat,crafted_n12_d6_c4_num17.cnf.xz,272.528
d0c760534508b543718285a3faad7ba9,sat,Circuit_multiplier35.cnf.xz,278.961
eda4aa84aeeb306468396fa82a6bba5a,sat,pb_300_05_lb_17.cnf.xz,279.836
8175dacde2d6517a91c1912847a34006,sat,IBM_FV_2004_rule_batch_30_SAT_dat.k75.cnf.xz,287.989
eb92c7c6b92379e55b91bc764632d65e,unsat,crafted_n10_d6_c4_num15.cnf.xz,295.584
86f1d4b3e7609f8a9ce8ac2a0a7aaa96,sat,size_5_5_5_i223_r12.cnf.xz,297.117
b2c92aebc75da8a15a5388b559b85623,unsat,sp4-33-una-stri-flat-noid.cnf.xz,323.836
b51ebbe57d4077a5fa43018ff3920588,sat,20-100-frag12-53_sat.cnf.xz,336.722
52d6e2f25ada36c0b802f544b084a140,unsat,20-100-lambda100-89_unsat.cnf.xz,340.633
90fda6e7338d52aeb796636fde412daf,unsat,battleship-12-12-unsat.cnf.xz,346.401
e4058a36518bf65fac7b0b866f139235,unsat,sp4-33-one-stri-tree-noid.cnf.xz,347.337
2285ff99f985f8f926d5159299cc8787,unsat,73.smt2.cnf.xz,348.228
c3d8096db125f4bade48cfd0dcf441f3,sat,SE_PR_stb_531_83.apx_1.cnf.xz,357.317
4a6268945652964c9b86b7c15425c0fe,unsat,spg_330_400.cnf.xz,361.449
dbbd977e78d2e6a9d2d83c5077597591,sat,Kakuro-easy-118-ext.xml.hg_4.cnf.xz,363.604
79c0df739ce3d7895fc546a69dca4f3e,sat,pb_300_05_lb_16.cnf.xz,366.167
9da32436de386f3b4f8e6ec1db552349,sat,HCP-529-420.cnf.xz,366.869
3dd4302478db90092c889a6db40ada5c,sat,sum_of_3_cubes_42_bits_96.cnf.xz,382.055
a0585897e79756b9624673592d13ee06,unsat,spg_200_317.cnf.xz,386.243
a8b6af92314b321b3614ded2da24b2dd,sat,ecarev-110-4099-22-30-4.cnf.xz,398.191
d4a914e3e257179e39ec493a7d7b1140,sat,ktf_TF-4.tf_4_0.06_52.cnf.xz,398.967
97f2d368a05228364b444ce71c1a5a24,sat,sp5-21-15-una-stri-flat-noid.cnf.xz,403.154
1b8c45c42a818db8f62bcbfd6f52c881,sat,sp5-21-15-bin-stri-tree-noid.cnf.xz,412.084
0c75119940f87f2bc1dc3f53aeedc02b,sat,20-100-lambda100-89_sat.cnf.xz,416.297
a3d7585b12914a97d9c11d65897194b9,unsat,20-100-lambda100-47_unsat.cnf.xz,429.06
24075575c3dbd9e9eae948dd2241b029,unsat,UR-15-10p0.cnf.xz,443.924
c41c74f316a2067cc19708ce982d960a,unsat,WS_400_16_90_70.apx_0.cnf.xz,464.637
cc813d033d2b735cf872a7568eacda24,sat,ecarev-110-1031-23-40-8.cnf.xz,468.949
139c1262e5901a684005ffad897aa7eb,sat,maximum_constrained_partition_18_bits_n200.cnf.xz,477.337
5584cc467c09d0cab489238275c2b92e,sat,sp5-21-15-one-stri-tree-noid.cnf.xz,478.268
aa1061e9becd2894b95cac19ea1ca72a,unsat,test_v7_r12_vr1_c1_s10576.smt2.cnf.xz,478.61
22ede342b1973bf82c2c2106616cc8d9,unsat,at-least-two-aaai10-planning-ipc5-pipesworld-12-step15.cnf.xz,478.875
4b65652b89a4cf69d9aaeba0aff08ffe,unsat,at-least-two-aaai10-planning-ipc5-pathways-17-step20.cnf.xz,485.384
3b784f7f6fab6c024647a18855f6edaf,unsat,spg_300_301.cnf.xz,492.816
e59a9e69ce2967effc10fb6905609079,unsat,51.smt2.cnf.xz,493.219
ceed053b7c2e91dd761169faba1a5193,unsat,puzzle35_unsat.cnf.xz,508.55
8b505c40281af4d91b4fe7ccd717be9a,unsat,spg_400_281.cnf.xz,509.272
6b1d903a4f4178e0b3bb7dc2c8a98be6,unsat,puzzle37_unsat.cnf.xz,521.576
1a3320d3cf32f211b3e7b875745713e2,unsat,sokoban-p20.sas.cr.21.cnf.xz,522.668
5e933a625099cc1ec6a8299a7848a2ae,sat,Kakuro-easy-112-ext.xml.hg_7.cnf.xz,524.798
60e3c2ba930b94c6b300ceeaf0ea5831,sat,20-100-frag12-0_sat.cnf.xz,544.268
7eb9c20f8abef093eeb2bcd69e709b95,unsat,string_compare_safety_cbmc_unwinding_600.cnf.xz,549.145
67df7bd97e841395a4c75281423986cf,sat,ktf_TF-6.tf_4_0.06_77.cnf.xz,568.208
7029fb4ec7af44f5962539a33e55645e,unsat,bvsub_08985.smt2.cnf.xz,576.397
62608c18d84e69d2b71f0048f6cb80be,sat,ex045_7.cnf.xz,589.182
6b6dd0a8429c4ac10d5a662f8d3fed95,sat,HCP-446-60.cnf.xz,592.352
5f0edef6cc45f7e7157c4b3dee4cb88a,unsat,string_compare_safety_cbmc_unwinding_630.cnf.xz,621.029
3dbec93f8c175baca8de46833656c7bf,sat,puzzle36_sat.cnf.xz,637.625
c7a473fd916048e8d98f012294074328,sat,edit_distance023_283.cnf.xz,670.759
141919813972d24c105018164e96cb1e,sat,edit_distance023_281.cnf.xz,674.632
82468689404a6a420a2947500c7c4787,sat,Circuit_multiplier36.cnf.xz,679.839
81bced94e5f672f0bb0bab7dd298d11c,sat,toughsat_factoring_895s.cnf.xz,688.83
30c44e6084a893593d64d500551872cb,sat,Circuit_multiplier34.cnf.xz,697.495
85ba26d796de9ad740ce5a6813488fbc,sat,sted2_0x1e3-216.cnf.xz,697.951
1bb9929010e0c209f1e59dedba54d9ad,sat,edit_distance023_282.cnf.xz,706.177
7f3b49026cf0ec9d2d76b0d9b2c61f8e,sat,HCP-424-60.cnf.xz,708.856
57ed70b2b94469babf71c5ee4290800e,sat,edit_distance025_448.cnf.xz,713.056
1575dcf4547f5854850b971013683c37,unsat,edit_distance007_85.cnf.xz,734.546
c52ad9f8fec393a1f4b421aa14af75d3,unsat,at-least-two-vmpc_26.cnf.xz,736.119
7adc1ade3384505af00ff8f7be23f5bd,sat,ex175_20.cnf.xz,736.707
d2528d707d36e76d0230ed6918c97345,sat,sted5_0x1e3-120.cnf.xz,740.171
519ec7e2da48149991957836b84dda06,unsat,crafted_n11_d6_c4_num14.cnf.xz,744.431
5952b9f18b73dabb531c60e3ac85d26f,unsat,ctl_4291_567_9_unsat.cnf.xz,757.197
2ba50be551d72853ba662e11371b24c1,unsat,at-least-two-traffic_b_unsat.cnf.xz,770.538
1a3400dc32a3859afb20566a4ded9606,sat,ACG-15-10p1.cnf.xz,777.682
c5ae0ec49de0959cd14431ce851c14f8,sat,Circuit_multiplier22.cnf.xz,780.882
fdfd5975c57d7cd2264ef6aff6cb4815,sat,SE_PR_stb_588_138.apx_1.cnf.xz,787.826
5a7042323ef6e8a5c06845289e668def,sat,sted1_0x0-637.cnf.xz,819.374
2a0b27b48cde394ba99cc0a0e3737fc6,unsat,mp1-Nb6T07.cnf.xz,821.582
5cd4201889cc2a8764ee86def29d8ffa,sat,UCG-20-10p1-sc2009.cnf.xz,822.875
5bc585c5aaba7f9f8faae4cfd1e6b5e8,sat,sted4_0x0_n159-185.cnf.xz,836.626
e6f6a122f3988097a98995bfb7e1d1bb,unsat,mp1-klieber2017s-1200-022-eq.cnf.xz,851.474
bcb2104a3558d87ac3b2107c10d54648,unsat,mp1-blockpuzzle_5x12_s6_free3.cnf.xz,872.179
4ef35e8c7b387e8c2fff1f552a04e3a2,unsat,LABS_n068_goal001.cnf.xz,880.649
be6bce96bab9cec47b58b6c68c9a1c89,unsat,9dlx_vliw_at_b_iq8.cnf.xz,881.098
c0c075a8f79bc59293c30651afc71b33,sat,edit_distance025_449.cnf.xz,881.543
81392be4e5fc7aa2232c1f460321e0c6,unsat,string_compare_safety_cbmc_unwinding_680.cnf.xz,887.422
fb621b2b4a54ec0f01ac36daaa7f0f5b,sat,HCP-470-105.cnf.xz,896.609
6221b4044bdfe3bf23f4c3390852767c,unsat,mp1-klieber2017s-1000-023-eq.cnf.xz,897.705
9e469bffc3f862d6321d84a4ef83969c,sat,edit_distance019_312.cnf.xz,907.178
5ee05ef0bcb42cb12bd698978c05178c,unsat,mp1-bsat201-707.cnf.xz,912.065
9bd299393602718a39efb1dd62fbe1a3,sat,UR-20-5p1.cnf.xz,915.538
e9674dde824d0e269ad80b9659b1b431,sat,HCP-446-420.cnf.xz,922.517
cdf559a186b55457ce49516ec323e907,unsat,at-least-two-traffic_kkb_unknown.cnf.xz,930.96
b3cf73d0383f781adf09a2192fa03a15,unsat,string_compare_safety_cbmc_unwinding_670.cnf.xz,952.047
613be3fce8fa3e517d10e292f0a2542d,unsat,string_compare_safety_cbmc_unwinding_690.cnf.xz,967.98
070fde310eca4ddf6967896052efcb30,unsat,at-least-two-smtlib-qfbv-aigs-ext_con_032_008_0256-tseitin.cnf.xz,973.437
e823071e58960a155122139ab4d0f44a,unsat,vlsat2_51_824.cnf.xz,974.614
cd60db7535dddb69068778af69e6a267,sat,edit_distance035_393.cnf.xz,976.842
68dc114bb8e479d8cc81faed8b2fceb5,sat,Kakuro-easy-156-ext.xml.hg_7.cnf.xz,981.626
e8209cd050c81226a57e93a0a83220d4,unsat,string_compare_safety_cbmc_unwinding_700.cnf.xz,986.729
9a910a91c04c8626904f860e09aa74a3,unsat,mp1-klieber2017s-2000-022-eq.cnf.xz,1008.21
166e1e5a9f63fcf94ddae8533fa2a090,unsat,mp1-squ_any_s09x07_c27_abix_UNS.cnf.xz,1044.14
128fdc03329b57efb97c3cdf6ed7e35d,unsat,10pipe_k.cnf.xz,1048.44
4a6a4f1f6c0d5adc639e823d1516ace5,unsat,at-least-two-traffic_f_unknown.cnf.xz,1049.91
5a9ce84a8725164c40c90d2eb420bad9,sat,sted5_0x0_n90-157.cnf.xz,1076.72
887e8caf9138890d880c6f7f70474994,unsat,at-least-two-sokoban-sequential-p145-microban-sequential.030-NOTKNOWN.cnf.xz,1096.64
54abc3873dfe2570d3f5b7d3b712fa85,unsat,14pipe_q0_k.cnf.xz,1109.22
2a6f21741efb8f8abbfdfe30f22ba9f8,unsat,Mycielski-11-hints-4.cnf.xz,1118.67
fab5698f06861b62c881c77630fbcd4d,sat,Kakuro-easy-142-ext.xml.hg_8.cnf.xz,1130.63
0240f5bddc39ad2f0a786c811fc434a8,sat,SC21_Timetable_C_542_E_71_Cl_36_S_35.cnf.xz,1133.48
9b81119141db098dd4bfb24a1d244e68,unsat,Kakuro-easy-051-ext.xml.hg_4.cnf.xz,1186.46
273d42b3d97294b660745c7bc632474e,sat,edit_distance025_450.cnf.xz,1191.15
89a3094a7829d3b9564944beaa931645,unsat,spg_200_300.cnf.xz,1228.27
b655faa69774192a80d9e2a2bc602ce4,sat,Kakuro-easy-115-ext.xml.hg_5.cnf.xz,1244.54
c79f5efa4fdcf594b4169106d04b3e86,unsat,LABS_n069_goal001.cnf.xz,1248.71
05e5b5a37a0d7cb5e96c82b84bbdca66,unsat,Mycielski-11-hints-3.cnf.xz,1307.3
3d8792b5f559f33ea583a09c33f683b1,sat,puzzle34_sat.cnf.xz,1307.95
67133027ab55906e3b757148ca7011dd,sat,snw_16_9_Encpre.cnf.xz,1310.8
9e35558ea8ffba630cd8c8f90e14af14,unsat,string_compare_safety_cbmc_unwinding_730.cnf.xz,1311.61
51925dbfcd5534b312265098fd439b12,unsat,bvsdiv_19.smt2.cnf.xz,1322.32
564a68fffd2affabc1586d24a07b6c16,unsat,Mycielski-11-hints-2.cnf.xz,1368.8
aad5bbe8920c5afc84068bb1da27ee8f,sat,LABS_n041_goal003.cnf.xz,1373.18
5696ebc151f271257ba3a98782667932,unsat,string_compare_safety_cbmc_unwinding_780.cnf.xz,1414.16
25cc054738293c0d9377d7b72b78a341,unsat,string_compare_safety_cbmc_unwinding_900.cnf.xz,1449.77
d646d69fe2f66663f380a6d742bbb38a,unsat,string_compare_safety_cbmc_unwinding_800.cnf.xz,1459.38
88a3bb7820b1ca7f189765bb1208f34a,sat,HCP-470-420.cnf.xz,1459.56
e9bd4a210195e83cf64cae1aaf5a36a0,sat,size_5_5_5_i251_r12.cnf.xz,1467.47
c401fc09cf0d3fb666cd80dd38f9757d,unsat,Mycielski-11-hints-1.cnf.xz,1481.38
0041051c73dcdd885d412a38e8b09fba,unsat,rphp4_065_shuffled.cnf.xz,1488
cc5c7c695cbb6f78c1af80b3e5471db3,unsat,ak016modbtsimpbisc.cnf.xz,1511.66
ef673597d33e9c4952ac883ceb96cbab,unsat,k2fix_gr_rcs_w8.shuffled.cnf.xz,1515.35
21fbe69cf7c0b41e205b52d970f9a43a,unsat,string_compare_safety_cbmc_unwinding_870.cnf.xz,1547.21
7a044c997ede14d00002f1db39d45170,sat,sum_of_3_cubes_37_bits_87.cnf.xz,1560.56
314b63e5b44a2c441e10d197f797e18b,unsat,ak032modbtmodbtisc.cnf.xz,1593.27
0c4355730d11bb18582d00f7266fdf27,unsat,puzzle34_unsat.cnf.xz,1607.07
41d15591fed06eb2e4e2f9ace5de25e9,unsat,ktf_TF-4.tf_4_0.04_35.cnf.xz,1611.45
74acaa627ddc5fdab40d62172f56a827,unsat,snw_13_8_pre-sc2016.cnf.xz,1649.03
603a2d6f8962be577c6609e70296b8ee,unsat,string_compare_safety_cbmc_unwinding_940.cnf.xz,1655.41
02404a08ea36dd43362bbddc578c839d,unsat,ctl_4201_555_unsat.cnf.xz,1710.46
c9aeaebe08aa8abf73a800decfbc01b3,unsat,ctl_4291_567_1_unsat.cnf.xz,1725.99
167b736959aa8c9e5d38409755277a53,unsat,vlsat2_56_1042.cnf.xz,1735.42
66ab346df72c5effa292342037bc3909,unsat,snw_13_8_pre.cnf.xz,1751.17
aa296db0e5a58249734a370ef5eee0cd,unsat,at-least-two-traffic_pcb_unknown.cnf.xz,1759.17
6928072ce36429a1c094d89d333488a6,sat,erin2_0x0-379.cnf.xz,1807.69
65ff91568676064c74212779c46f6943,unsat,rphp4_080_shuffled.cnf.xz,1808.78
10b460a4da6a4e199e946788a374032b,sat,HCP-470-60.cnf.xz,1823.37
aa6994af851710b3d1f485e87ba99f84,unsat,Nb51T6.cnf.xz,1842.78
b88d206fb35ef87bd7ec5d4a1430ae0c,sat,20-100-p100-55_sat.cnf.xz,1845.75
bf86868ef6662a4984e5d5504b01193e,unsat,string_compare_safety_cbmc_unwinding_930.cnf.xz,1857.6
7083b70c1976162e2693d7a493717ffd,sat,battleship-14-26-sat.cnf.xz,1890.89
5fb0d1f02c02c6a7fb485707b637d7e4,unsat,bvsub_12973.smt2.cnf.xz,1912.83
69b0601bae0398d5a96942f725708fc3,unsat,20-100-p100-55_unsat.cnf.xz,2061.99
18d4124324b56e434118f9ef72198d84,unsat,spg_300_300.cnf.xz,2104.57
e0617083b92213c14131866cfee57dfb,unsat,vlsat2_11_42.cnf.xz,2134.37
3334919f6e241ce87c5b91ed90fc0c1c,unsat,edit_distance031_284.cnf.xz,2207.13
334aa882de28856fc8c75885285d2a3c,sat,HCP-446-105.cnf.xz,2217.11
36c02f64976f4c45a9e6bfb361d08316,unsat,edit_distance031_283.cnf.xz,2344.28
d7b38c8ead74ae705aa60b8771debda1,unsat,maxor128.cnf.xz,2395.78
b5c3e33e90f4c95502754c7e2e92a6d2,unsat,randomG-B-Mix-n16-d05.cnf.xz,2422.78
c07b76b106bb3c412377bc2564b93022,sat,Sz512_15128_1.smt2.cnf.xz,2457.32
4bed9fdbef6375a8c390006131d4e29c,sat,sum_of_3_cubes_51_bits_80.cnf.xz,2836.58
0d4b99f6d05c9e993ea8655d355fa3b3,unsat,vlsat2_112_4223.cnf.xz,2927.27
4ba2c1aa580b6497df6baf5e7e2c87be,sat,at-least-two-vmpc_28.cnf.xz,3194.17
916e8027cafecc698ed5404a005bc69f,sat,SC21_Timetable_C_557_E_73_Cl_37_S_35.cnf.xz,3215.36
d5453d6d31f33a310ce34ee4bcfcbe50,sat,prime_a24_b24.cnf.xz,3282.92
3859d592ef722f4f6e6a204a8f7fb30e,sat,20-100-frag12-32_sat.cnf.xz,3301.55
af0b8f58d67dcf639232ac978defe6e3,sat,sted1_0x1e3-393.cnf.xz,3335.54
a04892664f2c13d2c191eb87ddc5405b,sat,sted3_0x0_n201-239.cnf.xz,3416.09
3c15c8fb5153b9d758a9eb16c66adc5d,sat,WS_500_16_70_10.apx_0.cnf.xz,3451.18
82cad197a0b7919f1f51ec51f7267e6f,unsat,ex095_8.cnf.xz,3489.9
951a20a37a23488001f3aa2fa53e6baa,unsat,randomG-n16-d05.cnf.xz,3506.84
e8408d02568ac7214d2d4cad6d59e9bf,unsat,vlsat2_144_7585.cnf.xz,3770.39
7df8389c5b329a2e118a50a94c254e7d,sat,blocks-blocks-36-0.180-SAT.cnf.xz,3967.14
4106867bc76b8794330a205cf8a303ad,unsat,bvsub_19952.smt2.cnf.xz,4006.45
790152d13323c14a7a1f0759ae3b5c28,unsat,mp1-bsat210-739.cnf.xz,4023.27
13538df69c3bc26707750ba55d90c9b0,unsat,blocks-blocks-37-1.130-NOTKNOWN.cnf.xz,4088.2
51d9e3f41c95dfe6e1b73a525b8784be,sat,sted2_0x0-343.cnf.xz,4324.8
82c08db7bcd7fabf2b08e8f10937af3e,unsat,bvsmod_18.smt2.cnf.xz,4350.83
a45d7a611305683a8db8c385ac7cee31,unsat,vlsat2_11_26.cnf.xz,4439.59
e02cc08183436cf370b565fbf365f3fe,sat,Circuit_multiplier26.cnf.xz,4561.21
7042dbc5432e4d78f81ec4041e10a387,sat,mp1-blockpuzzle_9x9_s1_free8.cnf.xz,4573.27
29b7d5a498eff7a98fcd03a273eaeba3,sat,Kakuro-easy-132-ext.xml.hg_8.cnf.xz,4631.78
9754fc1acf450ee2ed2083a211cfa487,sat,stb_792_333.apx_0.cnf.xz,4921.63
9862d27fe2528635f363e0f7645b2c53,sat,Circuit_multiplier53.cnf.xz,4929.14
4c6e57f5552d546278e192b6e332635a,sat,SE_PR_WS_500_16_70_10.apx_0.cnf.xz,4990.7
01135f7a79d555bd0406f00fac22cbe2,sat,SC21_Timetable_C_140_E_29_Cl_10_S_15.cnf.xz,timeout
03a43a7ea55217f53542ed3f029963af,unsat,satch2ways16w.cnf.xz,timeout
064ba3c61c5f105104edec8305853711,sat,puzzle35_sat.cnf.xz,timeout
068c64314f0f8405bc28bb4c52647145,unsat,sokoban-p20.sas.cr.27.cnf.xz,timeout
07c3cce524e2b85d8315ac4397ef08c4,unknown,puzzle47_sat.cnf.xz,timeout
0f877a1f984f35fdfdce011cb7152123,unsat,bvurem_20.smt2.cnf.xz,timeout
116bae11adddfa555f2e21f8ee678de5,sat,randomG-n17-d05.cnf.xz,timeout
135eb593af65aa579aede02fd289a6f9,unsat,Mycielski-10-hints-8.cnf.xz,timeout
140aa37221467a66d5711b760a19ee0f,unknown,ktf_TF-8.tf_4_0.02_37.cnf.xz,timeout
14c33d4be35ed33f2c67498f8334993f,sat,sted5_0x24204-70.cnf.xz,timeout
1527378fc216e0506bf8b63d0fad56be,sat,randomG-Mix-n18-d05.cnf.xz,timeout
15ba9eb4b0035fb6ed11a03c7df21870,unknown,ktf_TF-6.tf_4_0.04_51.cnf.xz,timeout
198f94ece5fdc9536a28afc3063bdcf6,sat,quad_res_r29_m32.cnf.xz,timeout
1a3254cb7b54789fdd4d56bfaaa38df7,unknown,satch2ways18wu.cnf.xz,timeout
1ce81dbba1292bf791e194b17aa2a219,unsat,satch2ways15u.cnf.xz,timeout
1dce69ee6685597d6c56e5fd7a47f8e0,unknown,SC21_Timetable_C_136_E_41_Cl_9_S_15.cnf.xz,timeout
22505280326ec66ba807b8b4edc48e1a,sat,Circuit_multiplier18.cnf.xz,timeout
2260d28ec773357e73e5ee60aeac0f43,sat,b2005-p1-12x12c10h7-Ser3-0.cnf.xz,timeout
25ba6d2b7503d699ee95bf4bcd0864c5,unknown,quad_res_r37_m39.cnf.xz,timeout
25cfa39c61494e9e793f6c6a9ec44be3,unsat,puzzle51_unsat.cnf.xz,timeout
28792301119a25fb8edec6cde91eee21,sat,sokoban-sequential-p145-microban-sequential.070-NOTKNOWN.cnf.xz,timeout
28aeefb8abe1d29211552650e14e7579,unknown,bv-term-small-rw_1294.smt2.cnf.xz,timeout
2a0f12ac393b2fb15f0dcc45c00e7434,unknown,sum_of_3_cubes_108_bits_52.cnf.xz,timeout
2dd2843e84e1c73b9a3fd45d4f13a2fa,unsat,ktf_TF-3.tf_2_0.02_24.cnf.xz,timeout
31311e688a1ec28c827c0878786e3c18,sat,puzzle42_sat.cnf.xz,timeout
316e22c7acf697be27514ffda0381ebc,sat,2bitcomp_5.hg_20.cnf.xz,timeout
324b2441c6f1fa9d5f3cf3a4c8447fc7,unknown,SC21_Timetable_C_512_E_66_Cl_34_S_35.cnf.xz,timeout
32a7129c1bf7922f8cfa7748db5b5268,sat,b2005-p3-14x14c17h9-Ser3-0.cnf.xz,timeout
338bbefd31a527548666d5cee1aadaeb,unsat,rpoc_xits_10_UNKNOWN.cnf.xz,timeout
34c4f43536cffc580a87e655b4100332,unknown,79.smt2.cnf.xz,timeout
36503f7af8c8352b64ec2104cd2499c5,sat,Circuit_multiplier45.cnf.xz,timeout
36ffefcf54eb9e407652175766f21d83,sat,b2005-p2-14x14c17h9-Ser5-0.cnf.xz,timeout
3aef3d8d02941ba7ddb18adc128259ae,sat,php12e12.cnf.xz,timeout
3bdc1cbc7fde3c8f1ca958dc82a75b72,sat,puzzle39_sat.cnf.xz,timeout
3cff772a004fbdf616a65ec099ec7bd5,sat,b2005-p1-12x12c10h7-Ser4-0.cnf.xz,timeout
3e40fa8f358f7cd6fa72f3826d2cc74d,unsat,quad_res_r28_m29.cnf.xz,timeout
3e484a82136768ef3f36517dfdb509d6,unknown,Mycielski-10-hints-5.cnf.xz,timeout
3f9fdded562e5b47d8b3dbcf4271a6ce,unsat,Mycielski-10-hints-7.cnf.xz,timeout
4a669e0b7acaad9901925292aa5aeccd,unknown,143.smt2.cnf.xz,timeout
4d4cdde9fb75604e036fa38b786e5e5c,sat,b2005-p2-12x12c10h7-Ser7-0.cnf.xz,timeout
4fe36c662bbfba878bdc49f70bec1ead,unsat,vlsat2_44_545.cnf.xz,timeout
50d081a4b18eecdd0bc120f634d57a26,sat,randomG-n18-d05.cnf.xz,timeout
52d591859e2047fa6c804d6424c55c74,unsat,satch2ways16.cnf.xz,timeout
58c58e6d9e00166bbeb845cd8d1f7ea8,sat,b2005-p4-14x14c17h9-Ser8-0.cnf.xz,timeout
59753830b55e81ed5e8a59609fdd4305,sat,b2005-p5-12x12c10h7-Ser5-0.cnf.xz,timeout
5b4b384351127c913bd3941bc63f790f,unknown,quad_res_r35_m36.cnf.xz,timeout
5c34b6844ed6a3fc57dccfc414af2851,unsat,SC21_Timetable_C_136_E_36_Cl_9_S_15.cnf.xz,timeout
5f46b414cc65b2e992e59f49d1f02be1,unsat,satch2ways12wu.cnf.xz,timeout
65138afdf7eb054be5131f2b0de84369,unsat,satch2ways12u.cnf.xz,timeout
65a5bf7228eb1d89159bc7aa431931b9,unsat,puzzle44_unsat.cnf.xz,timeout
68cd50e5bfe00ca94867aa0dcf44055c,unsat,satch2ways15wu.cnf.xz,timeout
6a3cc897a1b02977a34988536d887280,sat,sted12a_0x1e1-67.cnf.xz,timeout
71f0b3190b8b37d31e4e800e749336da,unknown,quad_res_r34_m36.cnf.xz,timeout
772102b16ea3acaf7b516714b146b6ca,unsat,13pipe_k.cnf.xz,timeout
7853e2d2e64015f2aa08678e5c43a339,sat,vlsat2_702_14170.cnf.xz,timeout
78b4757f584ac49ad29c072fc02fabb2,sat,ktf_TF-1.tf_4_0.06_101.cnf.xz,timeout
79d2eae74f2b790d821578d9b7f675c0,unsat,Mycielski-10-hints-6.cnf.xz,timeout
7ad04c4bd69b985c6568ecb0e49e0c59,sat,ktf_TF-8.tf_4_0.06_109.cnf.xz,timeout
7e36c51e4ba07b5d291864732d105a36,unsat,Mycielski-10-hints-9.cnf.xz,timeout
85088d2b8de94d088631498f619c1bd6,sat,sum_of_3_cubes_52_bits_39.cnf.xz,timeout
872d022f6406e00933b831ffd05e26a0,sat,b2005-p4-12x12c10h7-Ser3-0.cnf.xz,timeout
872eecaa7109fe1e31a510c903e9f877,unsat,ak128paralparalisc.cnf.xz,timeout
89656622f153983b0415cef2aadaadee,sat,sp5-26-19-una-nons-tree-noid.cnf.xz,timeout
8aa8fac9f1e094ea4c30a40450c04c3a,unsat,sokoban-p16.sas.ex.19-sc2016.cnf.xz,timeout
8ab56bb3b674e4afae5a61b2bf3a747a,unsat,satch2ways15.cnf.xz,timeout
8ba338c1cc39e717d6dd4f2bdbc3fb83,unsat,at-least-two-hwmcc10-timeframe-expansion-k50-pdtviseisenberg2-tseitin.cnf.xz,timeout
8bf857909f1117a9e29a4788bf77d485,unsat,ctl_4291_567_11_unsat.cnf.xz,timeout
8d0d8d3bf320c710d2691ff31032dc01,unknown,sum_of_3_cubes_145_bits_74.cnf.xz,timeout
8e27e1a8a840eb474fe3f07108bcf4c5,unknown,SC21_Timetable_C_181_E_34_Cl_12_S_4.cnf.xz,timeout
912b89dd471295d3c72c66d0192dff72,sat,randomG-B-Mix-n18-d05.cnf.xz,timeout
91e0db01b254eb78f6643328045bfeb9,sat,sted5_0x1e3-20.cnf.xz,timeout
99ec9d5e50f24301638101b2a7dba6e0,unknown,sum_of_3_cubes_76_bits_84.cnf.xz,timeout
9a296539e33398c9ae36663371a63b39,sat,randomG-Mix-n17-d05.cnf.xz,timeout
9c2e734d6c0faeef8a89aa84436fc42d,unknown,satch2ways19u.cnf.xz,timeout
9dd246543ae101f829b5cfc226473675,sat,vlsat2_29736_3780419.dimacs.cnf.xz,timeout
9ea8deb8313d93e60743638909f37d6c,sat,Circuit_multiplier29.cnf.xz,timeout
a03f5d0ac480bfab4b9415ba77c0354c,sat,b2005-p2-14x14c17h9-Ser6-0.cnf.xz,timeout
a1ec978756e656638b7e34cef5ecaf6d,unsat,quad_res_r26_m27.cnf.xz,timeout
a25ab09df5485a3d91089a08def4921e,sat,b2005-p3-12x12c10h7-Ser7-0.cnf.xz,timeout
a7dc4646f1472f466a2c33340eb24bd5,unsat,sokoban-p20.sas.ex.13.cnf.xz,timeout
a899e769ba329f5f952a38973adc0262,unsat,satch2ways13wu.cnf.xz,timeout
a8c6f24ce9bc4ae6953763a82835e2d4,unknown,quad_res_r31_m35.cnf.xz,timeout
a97d498dd69d346aad64f3809b5ff160,unknown,quad_res_r32_m35.cnf.xz,timeout
ac3e3bb744e258282990aa4307c08cb8,unsat,E00X23.cnf.xz,timeout
ac909ca2e27006f71389b6afa605f4be,sat,randomG-B-Mix-n19-d05.cnf.xz,timeout
ae17bcd042e6140aa72a2cd9f4c42b9c,sat,vlsat2_37758_5364539.dimacs.cnf.xz,timeout
afaee41956622725cf3bb98db6ff9bbb,unknown,SC21_Timetable_C_241_E_34_Cl_16_S_13.cnf.xz,timeout
b1770a04ee8e33b42f589e31da819ad5,unsat,bvsmod_19.smt2.cnf.xz,timeout
b83b05e814486aaedb19da69fb35ece1,unsat,satch2ways14u.cnf.xz,timeout
ba5451cace1bb09e2d36b9f34c19146e,unsat,ctl_4291_567_6_unsat_pre.cnf.xz,timeout
bc5b6fdc1a75e144e42d68c0fba444ad,unknown,SC21_Timetable_C_181_E_34_Cl_12_S_8.cnf.xz,timeout
bd9c3ce8c75df3a94eda414514ac5b3a,sat,php14e14.cnf.xz,timeout
bdc4dfc5ebf0274dcb18dd236773fcfa,sat,sum_of_3_cubes_94_bits_30.cnf.xz,timeout
be6c656f34ba9ada4bb10a2182a6fa88,unsat,vlsat2_142_6781.cnf.xz,timeout
bf423e868f17d482233adb880abfb92a,sat,sp5-26-19-bin-stri-flat-noid.cnf.xz,timeout
c08b00ee4667b900f38c60ea521be6e7,unknown,ktf_TF-3.tf_4_0.04_48.cnf.xz,timeout
c1484d43c95d76184dbe50ac5fc98854,unknown,satch2ways17w.cnf.xz,timeout
c5905895a64fbbfb8a60b18bf77b7054,unknown,puzzle60_sat.cnf.xz,timeout
c689bbf889022255138ab00f59a545b1,sat,b2005-p5-14x14c17h9-Ser5-0.cnf.xz,timeout
c7cd1be9f812c99e94827cb361d693fc,sat,b2005-p1-14x14c17h9-Ser3-0.cnf.xz,timeout
c879ee8f60ca65a013da7774277e489e,sat,randomG-n19-d05.cnf.xz,timeout
c8cff3ad0f176e153b5073725fed1bd1,unsat,ndhf_xits_09_UNSAT.cnf.xz,timeout
cfc5b08fa24149afb9a67426dbe871e9,unsat,WS_500_32_30_10.apx_0.cnf.xz,timeout
d328c11941d27fcabc1688663bdc64ea,sat,erin2_0x1e3-216.cnf.xz,timeout
d42c9f674dcabd62a43c0d4b9b495c2a,sat,sted1_0x0-380.cnf.xz,timeout
d5325d628ea6ed001c5a99971b58deae,unknown,uum32.smt2.cnf.xz,timeout
d765837689ffb1173943095f2fc42b96,unsat,Kakuro-easy-045-ext.xml.hg_4.cnf.xz,timeout
dc3854d1f6db34fa97596ac30204627c,unknown,ktf_TF-1.tf_3_0.02_34.cnf.xz,timeout
df4aa7724f377245d82486ada37910de,unknown,SC21_Timetable_C_140_E_32_Cl_30_S_10.cnf.xz,timeout
df6aa71659ddda7143b6e2e72d7d4675,unknown,problem_12.smt2.cnf.xz,timeout
e4d1892db27b721b88e5ee7e5987649f,unknown,quad_res_r33_m36.cnf.xz,timeout
e63a6f6ad7432b630996b02f842066f7,sat,b2005-p1-12x12c10h7-Ser5-0.cnf.xz,timeout
e724ce11027976e35cfb8ca6881d741b,sat,Sz1024_34824.smt2.cnf.xz,timeout
e8c79a0ee6be39b6b2211c9a527c192a,sat,randomG-n20-d05.cnf.xz,timeout
eb09e5484eaf494d6c1abe60c5b38b7e,sat,sp5-26-19-bin-nons-tree-noid.cnf.xz,timeout
ee3d0bbbe59d1d3d1a087df411d44626,unknown,sum_of_3_cubes_87_bits_75.cnf.xz,timeout
ef4508038f0220f285640f4f9f1da640,unknown,satch2ways18u.cnf.xz,timeout
effa19cc18a6c3faca19761028bb0a0e,unknown,SC21_Timetable_C_121_E_34_Cl_8_S_4.cnf.xz,timeout
f746dae2050dd4aa48bcd53e8bd897b4,sat,ex065_25.cnf.xz,timeout
faea4b579b0010b32f001ac4b5b9415a,unsat,rphp4_090_shuffled.cnf.xz,timeout
ff4b033c2a2da4100f0b1e83c49c5f80,sat,Circuit_multiplier25.cnf.xz,timeout
